{
    "success:": true,
    "data": {
        "detailList": {
            "title": "2020如果你还想做自媒体，这些坑我建议你一定不要踩！",
            "authorUrl": "https://upload.jianshu.io/users/upload_avatars/6171276/158d5319-a11c-47cc-807f-434cae24e615.jpg?imageMogr2/auto-orient/strip|imageView2/1/w/96/h/96/format/webp",
            "author": "沐夕加油站",
            "content":"<img src='https://upload-images.jianshu.io/upload_images/6171276-3304c2681c7b7995.jpg?imageMogr2/auto-orient/strip|imageView2/2/w/1080/format/webp' alt='' /><h1><i>1.内容定位</i></h1><p>如果你在准备做自媒体的时候，没有想好自己要做的内容，而是东做一个西做一个，没有专注某一领域的内容，最终的结果就是浪费了很多时间和精力，但是收获效果却不佳，最终以失败告场</p><p>内容定位真的是太重要了，它决定你能给别人带来什么样的内容？它决定了你未来的发展能产生多大的价值，以及个人IP的打造</p><p>最重要的一点就是现在很多平台都趋于饱和状态，如果你还想依靠自媒体挣钱，在决定开始做之前就想好自己应该定位在那一方面的内容，然后再想办法把它做得越来越好</p><p>最重要的一点就是现在很多平台都趋于饱和状态，如果你还想依靠自媒体挣钱，在决定开始做之前就想好自己应该定位在那一方面的内容，然后再想办法把它做得越来越好</p><p>最重要的一点就是现在很多平台都趋于饱和状态，如果你还想依靠自媒体挣钱，在决定开始做之前就想好自己应该定位在那一方面的内容，然后再想办法把它做得越来越好</p>"
        }
    }
}